RECORDID,DAM_NAME,OTHER_DAM_NAME,DAM_FORMER_NAME,STATEID,NIDID,LONGITUDE,LATITUDE,SECTION,COUNTY,RIVER,CITY,DISTANCE,OWNER_NAME,OWNER_TYPE,DAM_DESIGNER,PRIVATE_DAM,DAM_TYPE,CORE,FOUNDATION,PURPOSES,YEAR_COMPLETED,YEAR_MODIFIED,DAM_LENGTH,DAM_HEIGHT,STRUCTURAL_HEIGHT,HYDRAULIC_HEIGHT,NID_HEIGHT,MAX_DISCHARGE,MAX_STORAGE,NORMAL_STORAGE,NID_STORAGE,SURFACE_AREA,DRAINAGE_AREA,HAZARD,EAP,INSPECTION_DATE,INSPECTION_FREQUENCY,STATE_REG_DAM,STATE_REG_AGENCY,SPILLWAY_TYPE,SPILLWAY_WIDTH,OUTLET_GATES,VOLUME,NUMBER_OF_LOCKS,LENGTH_OF_LOCKS,WIDTH_OF_LOCKS,FED_FUNDING,FED_DESIGN,FED_CONSTRUCTION,FED_REGULATORY,FED_INSPECTION,FED_OPERATION,FED_OWNER,FED_OTHER,SOURCE_AGENCY,STATE,SUBMIT_DATE,URL_ADDRESS,CONG_NAME,PARTY,CONG_DIST,OTHERSTRUCTUREID,NUMSEPARATESTRUCTURES,PERMITTINGAUTHORITY,INSPECTIONAUTHORITY,ENFORCEMENTAUTHORITY,JURISDICTIONALDAM,EAP_LAST_REV_DATE
1,COOPER LAKE,,,,AK00001,-149.8231472,60.4337083,N/A,KENAI PENINSULA,"COOPER CREEK, KENAI RIVER",COOPER LANDING,6,"CHUGACH ELECTRIC ASSOCIATION, INC.",P,,Y,RE,FCZ,RSZ,H,1959,,920,52,52,39,52,24500,127600,112000,127600,3100,31,H,Y,7/27/2017,1,N,,U,50,,0,0,0,0,,,,FERC,FERC,,,,FERC,AK,05-AUG-18,,Don Young (R),R,AK00,,1,N,N,N,N,08-JAN-18
2,BLUE LAKE,,,,AK00002,-135.1917,57.0633,"T55S, R64E, S35",SITKA,SAWMILL CREEK,NONE,0,CITY AND BOROUGH OF SITKA,L,CAREY AND KRAMER,N,VA,HCK,RK,HRS,1961,,288,294,210,136,294,14000,266000,266000,266000,1646,37,H,Y,5/15/2018,1,N,,U,140,,0,0,0,0,,,,FERC,FERC,,,,FERC,AK,05-AUG-18,,Don Young (R),R,AK00,,1,N,N,N,N,27-DEC-17
3,SALMON CREEK,,,,AK00003,-134.4036083,58.34185,"T41S,R67E,S2",JUNEAU,"SALMON CREEK, GASTINEAU INLET",JUNEAU,2,ALASKA ELECTRIC LIGHT & POWER COMPANY,P,LARS JORGENSEN,Y,VA,HCK,RK,HORS,1914,,648,170,175,140,175,810,18000,12000,18000,165,5,H,Y,5/17/2018,1,N,,U,60,,52000,0,0,0,,,,FERC,FERC,,,,FERC,AK,05-AUG-18,,Don Young (R),R,AK00,,1,N,N,N,N,27-SEP-17
4,ANNEX CREEK,,,,AK00004,-134.1265778,58.3269389,"T41S,R69E,S9",JUNEAU,"ANNEX CREEK, TAKU INLET",NONE,1,ALASKA ELECTRIC LIGHT & POWER COMPANY,P,FELIX J. TONER,Y,OT,FXK,RK,HR,1968,,115,20,20,20,20,458,23400,23400,23400,264,6,L,NR,5/16/2018,3,N,,U,57,,0,0,0,0,,,,FERC,FERC,,,,FERC,AK,05-AUG-18,,Don Young (R),R,AK00,,2,N,N,N,N,27-SEP-17
5,CRYSTAL LAKE,,,,AK00005,-132.8455,56.6,"T61S,R81E,S6",WRANGELL-PETERSBURG,"CRYSTAL CREEK, BLIND RIVER",N/A,0,CITY OF PETERSBURG,L,,N,ER,FMK,K,H,1955,,205,43,34.5,30,43,2632,5800,5200,5800,233,1.5,H,Y,8/31/2017,1,N,,U,46,,0,0,0,0,,,,FERC,FERC,,,,FERC,AK,05-AUG-18,,Don Young (R),R,AK00,,1,N,N,N,N,19-DEC-17
6,KETCHIKAN LAKES,,,,AK00006,-131.6203,55.3594,"T75S,R90E,S17",KETCHIKAN GATEWAY,KETCHIKAN CREEK,"KETCHIKAN, AK",2,CITY OF KETCHIKAN,L,,N,ER,IXK,RK,HS,1957,,1163,22,34,27,34,7500,13353,11463,13353,55,8.1,H,Y,6/19/2018,1,N,,U,0,,0,0,0,0,,,,FERC,FERC,,,,FERC,AK,05-AUG-18,,Don Young (R),R,AK00,,1,N,N,N,N,04-JAN-18
7,UPPER SILVIS,,,,AK00007,-131.5167,55.3792,,KETCHIKAN GATEWAY,"BEAVER FALLS CREEK, GEORGE INL",NONE,0,CITY OF KETCHIKAN,L,,N,ER,FCK,RK,H,1968,,135,60,,,60,6000,38000,22000,38000,300,3.4,L,NR,8/30/2017,3,N,,U,0,,0,0,0,0,,,,FERC,FERC,,,,FERC,AK,05-AUG-18,,Don Young (R),R,AK00,,1,N,N,N,N,08-JAN-18
8,LOWER SILVIS,,,,AK00008,-131.5039,55.3817,,KETCHIKAN GATEWAY,"BEAVER FALLS CREEK, GEORGE INL",NONE,0,CITY OF KETCHIKAN,L,,N,ER,FCK,RK,H,1954,,140,32,,,32,7900,1600,1400,1600,68,1,L,NR,8/30/2017,3,N,,U,0,,0,0,0,0,,,,FERC,FERC,,,,FERC,AK,05-AUG-18,,Don Young (R),R,AK00,,1,N,N,N,N,08-JAN-18
9,LOWER DEWEY,,,,AK00009,-135.3176972,59.4405139,"T28S,R59E,S13 & 14",FIRST JUDICIAL DISTRICT,DEWEY CREEK,NONE,1,ALASKA POWER AND TELEPHONE COMPANY,U,,N,ERRETC,HEK,K,HRS,1905,,602,28,,,28,220,650,250,650,30,4,L,NR,7/19/2016,3,N,,U,13,,0,0,0,0,,,,FERC,FERC,,,,FERC,AK,05-AUG-18,,Don Young (R),R,AK00,,1,N,N,N,N,21-DEC-17
10,LAKE CONNELL,WARD LAKE,,,AK00010,-131.6699,55.433334,S24 T074S R090E COPPER RIVER MERIDIAN,KETCHIKAN GATEWAY,WARD CREEK,,0,POWER SYSTEMS AND SUPPLIES OF ALASKA LLC,P,W.D. SHANNON & ASSOCIATES,Y,CNPG,HCK,RK,S,1953,,600,96,,,96,18000,11000,6000,11000,320,12.5,H,Y,6/28/2017,3,Y,AKDNR,C,0,,0,0,0,0,,,,,,,,,AK,AK,23-JUL-18,,Don Young (R),R,AK00,,0,Y,Y,Y,Y,31-JUL-15
11,CARLANNA LAKE,,,,AK00011,-131.6898,55.368968,S14 T075S R090E COPPER RIVER MERIDIAN,KETCHIKAN GATEWAY,CARLANNA CREEK,KETCHIKAN,1,KETCHIKAN CITY OF,L,R. W. BECK AND ASSOCIATES,Y,CBEROT,X,U,S,1975,,340,31,31,29,31,4700,700,390,700,32,1.5,H,Y,8/28/2017,3,Y,AKDNR,,0,,0,0,0,0,,,,,,,,,AK,AK,23-JUL-18,,Don Young (R),R,AK00,,0,Y,Y,Y,Y,29-APR-13
12,WHITMAN LAKE,,,,AK00012,-131.531352,55.3324944,,KETCHIKAN GATEWAY,WHITMAN CREEK,,0,KETCHIKAN PUBLIC UTILITIES,U,,N,,,,H,1927,,220,39,39,,39,,,1440,1440,148,4.1,H,Y,6/19/2018,3,N,,,40,,0,0,0,0,,,,FERC,FERC,,,,FERC,AK,05-AUG-18,,Don Young (R),R,AK00,,1,N,N,N,N,04-JAN-18
13,WRANGELL UPPER,,,,AK00013,-132.36,56.461666,S30 T062S R084E COPPER RIVER MERIDIAN,,MILL CREEK,WRANGELL,0,WRANGELL; CITY OF,L,SHANNON & WILSON,Y,ERRE,X,U,S,1967,,320,28,28,23,28,533,190,122,190,12.3,0.73,H,Y,6/9/2015,3,Y,AKDNR,U,0,,0,0,0,0,,,,,,,,,AK,AK,23-JUL-18,,Don Young (R),R,AK00,,0,Y,Y,Y,Y,01-JUN-02
14,WRANGELL LOWER,,,,AK00014,-132.375,56.455002,S36 T062S R083E COPPER RIVER MERIDIAN,,MILL CREEK,WRANGELL,0,WRANGELL; CITY OF,L,HUBBEL & WALLER CO.,Y,ER,X,U,S,1968,,315,28,28,24,28,533,102,67.5,102,5.9,0.96,H,Y,6/9/2015,3,Y,AKDNR,U,0,,0,0,0,0,,,,,,,,,AK,AK,23-JUL-18,,Don Young (R),R,AK00,,0,Y,Y,Y,Y,01-JUN-02
15,PETERSBURG UPPER DAM,,,,AK00016,-132.9149,56.779999,S02 T059S R079E COPPER RIVER MERIDIAN,SE ISLAND REAA,CITY CREEK,PETERSBURG,2,PETERSBURG CITY OF,L,SHANNON & WILSON,Y,OTPG,X,U,S,1950,,286,23,27,17,27,2000,142,123,142,17,2.75,S,Y,9/22/2016,3,Y,AKDNR,C,45,,0,0,0,0,,,,,,,,,AK,AK,23-JUL-18,,Don Young (R),R,AK00,,0,Y,Y,Y,Y,07-MAR-17
16,HESS CREEK DAM,LIVENGOOD DAM,,,AK00017,-148.3916,65.59333,S21 T009N R004W FAIRBANKS MERIDIAN,YUKON FLATS REAA,SOUTH FORK HESS CREEK,LIVENGOOD,0,ALASKA PLACER DEVELOPMENT,P,,N,RE,X,U,S,1946,,1710,,56,56,56,600,10200,9650,10200,,,H,N,9/6/2012,3,Y,AKDNR,,0,,0,0,0,0,,,,,,,,,AK,AK,23-JUL-18,,Don Young (R),R,AK00,,0,Y,Y,Y,Y,
17,MEALS LAKE DAM,,,,AK00018,-145.75,60.531666,S33 T015S R003W COPPER RIVER MERIDIAN,CHUGACH REAA,ECCLES CREEK,CORDOVA,1,CORDOVA CITY OF,L,SHANNON & WILSON,Y,ER,IMK,RK,S,1972,,207,22.5,22.5,20,22.5,170,65,46,65,9.2,0.02,H,Y,10/2/2017,3,Y,AKDNR,U,19,,0,0,0,0,,,,,,,,,AK,AK,23-JUL-18,,Don Young (R),R,AK00,,0,Y,Y,Y,Y,13-MAR-01
18,PILLAR CREEK DAM NO.1.A,,PILLAR CREEK NO 1 UPPER DAM A,,AK00020,-152.4481,57.800709,S36 T027S R020W SEWARD MERIDIAN,KODIAK ISLAND,PILLAR CREEK,KODIAK,0,KODIAK CITY OF,L,SHANNON & WILSON,Y,RE,X,U,S,1969,,98,45,,,45,280,45,0,45,5.4,1.93,S,Y,5/24/2016,3,Y,AKDNR,U,20,,0,0,0,0,,,,,,,,,AK,AK,23-JUL-18,,Don Young (R),R,AK00,,0,Y,Y,Y,Y,05-MAY-08
19,PILLAR CREEK DAM NO. 2.C,MAIN DAM,PILLAR CREEK NO 2 DAM DIKE C,,AK00021,-152.438,57.803713,S25 T027S R020W SEWARD MERIDIAN,KODIAK ISLAND,PILLAR CREEK,KODIAK,0,KODIAK CITY OF,L,SHANNON & WILSON,Y,EROTRE,X,U,S,1968,,200,24,,,24,900,123,0,123,12,4,S,Y,5/24/2016,3,Y,AKDNR,U,36,,0,0,0,0,,,,,,,,,AK,AK,23-JUL-18,,Don Young (R),R,AK00,,0,Y,Y,Y,Y,05-MAY-08
20,BETTINGER UPPER RESERVOIR DAM,LAKE BETTINGER COMPLEX DAM,UPPER RESERVOIR,,AK00022,-152.4008,57.80346,S29 T027S R019W SEWARD MERIDIAN,KODIAK ISLAND,,KODIAK,1,KODIAK CITY OF,L,SHANNON & WILSON,Y,EROT,X,U,S,1968,,942,67,,,67,64,93,67,93,4.1,0.1,H,Y,5/25/2016,3,Y,AKDNR,C,0,,0,0,0,0,,,,,,,,,AK,AK,23-JUL-18,,Don Young (R),R,AK00,,0,Y,Y,Y,Y,05-MAY-08
21,SELDOVIA UPPER DAM,UPPER DAM,,,AK00024,-151.6999,59.433334,S06 T009S R014W SEWARD MERIDIAN,KENAI PENINSULA,FISH CREEK,SELDOVIA,1,SELDOVIA CITY OF,L,SHANNON & WILSON,N,VA,X,U,S,1953,1994,126,24,25,21,25,340,15.5,11.2,15.5,2,0.89,L,NR,5/20/2016,5,Y,AKDNR,,0,,0,0,0,0,,,,,,,,,AK,AK,23-JUL-18,,Don Young (R),R,AK00,,0,Y,Y,Y,Y,
22,SOLOMON GULCH,,,,AK00027,-146.3017,61.09,"T9S,R6W,S21,CRM",VALDEZ - CHITINA - WHITT DIV,"SOLOMON GULCH CREEK, SOLOMON R","VALDEZ, AK",5,"COPPER VALLEY ELECTRIC ASSOCIATION, INC.",U,INTERNATIONAL ENG. CO.,N,ER,FZ,RZ,H,1981,,386,115,115,105,115,46250,,31500,31500,660,19.7,H,Y,7/18/2017,1,N,,U,450,,100700,0,0,0,,,,FERC,FERC,,,,FERC,AK,05-AUG-18,,,,,,2,N,N,N,N,27-NOV-17
23,SOLOMON GULCH SPILLWAY,,,,AK00027,-146.2975,61.0725,"T9S,R6W,S21,CRM",VALDEZ - CHITINA - WHITT DIV,SOLOMON GULCH CREEK,"VALDEZ, AK",5,"COPPER VALLEY ELECTRIC ASSOCIATION, INC.",U,INTERNATIONAL ENG. CO.,N,ER,FZ,RZ,H,1981,,355,55,55,55,55,46250,,31500,31500,660,19.7,H,Y,7/18/2017,1,N,,U,450,,46700,0,0,0,,,,FERC,FERC,,,,FERC,AK,05-AUG-18,,Don Young (R),R,AK00,S001,2,N,N,N,N,27-NOV-17
24,CAMPBELL LAKE DAM,CAMPBELL LAKE,,,AK00028,-149.9616,61.130001,S15 T012N R004W SEWARD MERIDIAN,ANCHORAGE,CAMPBELL CREEK,ANCHORAGE,0.5,CAMPBELL LAKE OWNERS; INC.,P,SHANNON & WILSON,N,ERRE,X,U,DR,1957,,470,11,,,11,170,800,0,800,29,74,L,NR,7/9/2014,5,Y,AKDNR,U,50,,0,0,0,0,,,,,,,,,AK,AK,23-JUL-18,,Don Young (R),R,AK00,,0,Y,Y,Y,Y,
25,WESTCHESTER LAGOON DAM,,CHESTER CREEK DAM,,AK00029,-149.9216,61.206665,S24 T013N R004W SEWARD MERIDIAN,ANCHORAGE,CHESTER CREEK,ANCHORAGE,0,ANCHORAGE MUNICIPALITY OF,L,M.O.A.-D.P.W.,N,RE,IEZ,SZ,R,1973,,1830,22,22,22,22,350,300,200,300,60,28,S,Y,5/28/2015,3,Y,AKDNR,C,21,S,0,0,0,0,,,,,,,,,AK,AK,23-JUL-18,,Don Young (R),R,AK00,,0,Y,Y,Y,Y,19-JUL-16
26,BIG KITOI,,,,AK00030,-152.3799,58.19,S15 T023S R019W SEWARD MERIDIAN,KODIAK ISLAND,CODE 252-31-10040,,0,ALASKA DEPT FISH & GAME,S,,Y,CBCN,HCK,U,S,1962,,40,,9,7,9,35,1800,1500,1800,400,,L,NR,5/21/2008,0,N,,,0,,0,0,0,0,,,,,,,,,AK,AK,23-JUL-18,,Don Young (R),R,AK00,,0,Y,Y,Y,N,
27,SHOTTER CREEK UPPER DAM,,,,AK00032,-135.3916,58.118332,S26 T043S R061E COPPER RIVER MERIDIAN,CHATHAM REAA,SHOTTER CREEK,HOONAH,1,HOONAH TOWN OF,L,,Y,RE,X,U,HS,1968,,87,,9,9,9,100,58,52,58,,,S,N,,3,Y,AKDNR,U,6,,550,0,0,0,,,,,,,,,AK,AK,23-JUL-18,,Don Young (R),R,AK00,,0,Y,Y,Y,Y,
28,EKLUTNA DAM,DOE APA EKLUTNA DAM,,,AK00033,-149.1425,61.405278,S08 T015N R002E SEWARD MERIDIAN,ANCHORAGE,EKLUTNA RIVER,EKLUTNA VILLAGE,8,C.E.A.;M.E.A.;M.O.A.,U,,N,RE,IEK,SK,H,1965,,815,41,56,35,56,4000,240000,175000,240000,3450,119,H,Y,8/24/2015,3,Y,AKDNR,U,18,,85000,0,0,0,,,,,,,,,AK,AK,23-JUL-18,,Don Young (R),R,AK00,,0,Y,Y,Y,Y,24-OCT-16
29,"LAKE ""O"" THE HILLS",,,,AK00034,-149.75,61.116669,S23 T012N R003W SEWARD MERIDIAN,ANCHORAGE,LITTLE CAMPBELL CREEK,ANCHORAGE,0,LAKE O' THE HILLS EAST HOME OWNERS ASSOCIATION,P,SHANNON & WILSON,N,RE,X,U,OR,1975,,700,13,13,8,13,250,50,50,50,7.5,1.76,H,Y,11/14/2016,3,Y,AKDNR,U,0,,0,0,0,0,,,,,,,,,AK,AK,23-JUL-18,,Don Young (R),R,AK00,,0,Y,Y,Y,Y,30-SEP-14
30,SHIP CREEK DAM,,,,AK00035,-149.6666,61.25,S05 T013N R002W SEWARD MERIDIAN,ANCHORAGE,SHIP CREEK,ANCHORAGE,6,DOYON UTILITIES,P,,Y,PG,X,U,S,1954,,80,,50,50,50,2000,27,27,27,,,H,Y,7/2/2018,3,Y,AKDNR,U,40,,0,0,0,0,,,,,,,,,AK,AK,23-JUL-18,,Don Young (R),R,AK00,,0,Y,Y,Y,Y,28-MAR-13
31,GREGORY LAKE,SIX MILE RESERVOIR,,,AK00036,-149.808334,61.288333,T S014N003W-SEC 21,ANCHORAGE,SIX MILE CREEK,ELMENDORF AFB,0,USAF PACAF,F,COE,N,RE,IEK,SK,R,,,1848,16,16,10,16,300,375,350,375,745,6,L,NR,9/5/2013,5,N,,U,6,U,73920,0,0,0,DOD USAF,DOD USAF,DOD USAF,DOD USAF,DOD USAF,DOD USAF,DOD USAF,DOD USAF,DOD USAF,AK,02-NOV-18,,Don Young (R),R,AK00,,0,N,N,N,N,
32,FAWN LAKE DAM NORTH,,,,AK00037,-131.6217,55.3531,,KETCHIKAN GATEWAY,NONE,NONE,0,CITY OF KETCHIKAN,L,,N,ER,HXK,RK,HS,1959,,210,10,,,10,720,,80,80,4,0.1,L,Y,5/17/2017,3,N,,U,35,,0,0,0,0,,,,FERC,FERC,,,,FERC,AK,05-AUG-18,,Don Young (R),R,AK00,,2,N,N,N,N,04-JAN-18
33,FAWN LAKE DAM SOUTH,,,,AK00037,-131.6192,55.3517,,KETCHIKAN GATEWAY,NONE,NONE,0,CITY OF KETCHIKAN,L,,N,ER,IXK,RK,HS,1957,,400,20,,,20,,,80,80,4,0.1,L,Y,5/17/2017,3,N,,N,0,,0,0,0,0,,,,FERC,FERC,,,,FERC,AK,05-AUG-18,,Don Young (R),R,AK00,S001,2,N,N,N,N,04-JAN-18
34,LONG LAKE DAM,SNETTISHAM DAM,,,AK00044,-133.7333,58.166668,S01 T043S R071E COPPER RIVER MERIDIAN,JUNEAU,LONG RIVER,JUNEAU,0,ALASKA INDUSTRIAL DEVELOPMENT AND EXPORT AUTHORITY,U,,N,CNPG,X,U,H,1973,,337,,30,28,30,28000,147000,147000,147000,1375,32,L,NR,8/5/2014,5,Y,AKDNR,U,0,,3000,0,0,0,,,,,,,,,AK,AK,23-JUL-18,,Don Young (R),R,AK00,,0,Y,Y,Y,Y,
35,EYAK LAKE,,,,AK00049,-145.6433,60.531666,S31 T015S R002W COPPER RIVER MERIDIAN,CHUGACH REAA,EYAK RIVER,CORDOVA,0,ALASKA D.O.T./P.F.,S,,Y,OT,X,U,FO,1972,,365,2,15,2.5,15,,13000,13000,13000,2432,41.6,L,NR,12/13/1984,5,N,,U,0,,0,0,0,0,,,,,,,,,AK,AK,23-JUL-18,,Don Young (R),R,AK00,,0,Y,Y,Y,N,
36,ISATKUAG LAGOON DAM,ISATKOAK,,,AK00051,-156.75,71.266667,S17 T022N R018W UMIAT MERIDIAN,NORTH SLOPE,ISATKOAK CREEK,BARROW,1,NORTH SLOPE BOROUGH,L,,N,RE,X,U,S,1977,,2000,16,16,15,16,374,1140,1140,1140,128,2.5,S,Y,9/24/2015,3,Y,AKDNR,,0,,0,0,0,0,,,,,,,,,AK,AK,23-JUL-18,,Don Young (R),R,AK00,,0,Y,Y,Y,Y,27-OCT-16
37,ITASIGROOK,BARROW,,,AK00053,-156.7666,71.266667,S17 T022N R018W UMIAT MERIDIAN,NORTH SLOPE,ISATKOAK CREEK,BARROW,0,NORTH SLOPE BOROUGH,L,BRUCE TSCHANTZ,N,RE,X,U,S,1964,,1700,6,13,6,13,420,1300,1180,1300,,,S,N,9/24/2015,3,Y,AKDNR,,0,,0,0,0,0,,,,,,,,,AK,AK,23-JUL-18,,Don Young (R),R,AK00,,0,Y,Y,Y,Y,
38,LAKE OSPREY DAM,,,,AK00058,-134.66,56.39833333,,SITKA,UNKNOWN,,0,USDA FS,F,,N,OTTC,HXK,RZ,S,1919,,31,8,,8,8,,1250,1250,1250,,,L,NR,6/15/2017,10,N,,U,0,,0,0,0,0,USDA FS,USDA FS,USDA FS,USDA FS,USDA FS,USDA FS,USDA FS,,USDA FS,AK,18-JUL-18,,Don Young (R),R,AK00,,0,N,N,N,N,
39,DEWEY FOREBAY,,,,AK00059,-135.3081,59.4511,"T28S,R59E,S13",FIRST JUDICIAL DISTRICT,DEWEY CREEK,SKAGWAY,1,ALASKA POWER AND TELEPHONE COMPANY,U,,N,ERRETC,IEK,K,HRS,1905,,132,30,,,30,197,35,35,35,3,4,L,NR,7/19/2016,3,N,,U,15,,0,0,0,0,,,,FERC,FERC,,,,FERC,AK,05-AUG-18,,Don Young (R),R,AK00,,1,N,N,N,N,21-DEC-17
40,LOWELL CREEK,LOWELL CREEK DIV. TUNNEL,,,AK00060,-149.4499,60.099998,S09 T001S R001W SEWARD MERIDIAN,KENAI PENINSULA,LOWELL CREEK,SEWARD,1,SEWARD CITY OF,L,,Y,ERRE,X,U,C,1945,,450,,34,33,34,3150,50,50,50,,,H,N,10/21/2010,3,Y,AKDNR,U,0,,0,0,0,0,,,,,,,,,AK,AK,23-JUL-18,,Don Young (R),R,AK00,,0,Y,Y,Y,Y,
41,SHERWOOD ESTATES DAM,UPPER RAINBOW LAKE DAM,,,AK00062,-149.61,61.603,S05 T017N R001W SEWARD MERIDIAN,MATANUSKA-SUSITNA,,RAINBOW LAKE SUBDIVISION,0,UNKNOWN,U,,N,RE,X,U,R,1975,,225,,20,20,20,,200,200,200,,,L,NR,,0,N,,,0,,0,0,0,0,,,,,,,,,AK,AK,23-JUL-18,,Don Young (R),R,AK00,,0,Y,Y,Y,N,
42,KOTZEBUE WATER SUPPLY DAM,VORTAC LAKE DAM,,,AK00064,-162.5383,66.888336,S11 T017N R018W KATEEL MERIDIAN,NORTHWEST ARCTIC,,KOTZEBUE,2,KOTZEBUE CITY OF,L,DAMES & MOORE,N,RE,X,U,S,1970,,970,16,16,13,16,,412,370,412,,,L,NR,9/26/2005,5,Y,AKDNR,,0,,0,0,0,0,,,,,,,,,AK,AK,23-JUL-18,,Don Young (R),R,AK00,,0,Y,Y,Y,Y,
43,PILLAR CREEK DAM NO. 2.A,,PILLAR CREEK DAM NO 2 DIKE,,AK00070,-152.4358,57.802489,S25 T027S R020W SEWARD MERIDIAN,KODIAK ISLAND,PILLAR CREEK,,0,KODIAK CITY OF,L,SHANNON & WILSON,Y,ERRE,X,U,S,1968,,140,,17,17,17,900,123,123,123,12,4,S,Y,5/24/2016,3,Y,AKDNR,U,0,,0,0,0,0,,,,,,,,,AK,AK,23-JUL-18,,Don Young (R),R,AK00,,0,Y,Y,Y,Y,05-MAY-08
44,PILLAR CREEK DAM NO. 2.B,,PILLAR CREEK DAM NO 2 DIKE B,,AK00071,-152.4357,57.803058,S25 T027S R020W SEWARD MERIDIAN,KODIAK ISLAND,PILLAR CREEK,,0,KODIAK CITY OF,L,SHANNON & WILSON,Y,ERRE,X,U,S,1968,,250,17,17,,17,900,123,123,123,12,4,S,Y,5/24/2016,3,Y,AKDNR,,0,,0,0,0,0,,,,,,,,,AK,AK,23-JUL-18,,Don Young (R),R,AK00,,0,Y,Y,Y,Y,05-MAY-08
45,PILLAR CREEK DAM NO.1.B,,PILLAR CREEK NO 1 UPPER DAM B,,AK00072,-152.4494,57.799518,S36 T027S R020W SEWARD MERIDIAN,KODIAK ISLAND,PILLAR CREEK,,0,KODIAK CITY OF,L,SHANNON & WILSON,Y,RE,X,U,S,1968,,148,,24,24,24,280,45,45,45,5.4,1.93,S,Y,5/24/2016,3,Y,AKDNR,,0,,0,0,0,0,,,,,,,,,AK,AK,23-JUL-18,,Don Young (R),R,AK00,,0,Y,Y,Y,Y,05-MAY-08
46,MONASHKA CREEK DAM,,,,AK00073,-152.4569,57.843291,S13 T027S R020W SEWARD MERIDIAN,KODIAK ISLAND,MONASHKA CREEK,,0,KODIAK CITY OF,L,GOLDER ASSOCIATES,Y,ER,X,U,S,1982,2003S,210,58,,37,58,5962,3850,2960,3850,141.7,4.2,S,Y,5/24/2016,3,Y,AKDNR,U,66,,0,0,0,0,,,,,,,,,AK,AK,23-JUL-18,,Don Young (R),R,AK00,,0,Y,Y,Y,Y,05-MAY-08
47,DOUGLAS ISLAND DAM,BEAR CREEK RESERVOIR,,,AK00077,-134.4031,58.2763,S35 T041S R067E COPPER RIVER MERIDIAN,JUNEAU,BEAR CREEK,DOUGLAS,1,JUNEAU CITY OF,L,CHAS T. MAIN,N,VA,X,U,OS,1937,,91,,26,25,26,40,3.1,2.9,3.1,0.25,,H,Y,10/13/2016,3,Y,AKDNR,U,0,,0,0,0,0,,,,,,,,,AK,AK,23-JUL-18,,Don Young (R),R,AK00,,0,Y,Y,Y,Y,24-MAR-17
48,ROYCROFT LAKE,,,,AK00082,-149.378,60.491,S25 T005N R001W SEWARD MERIDIAN,KENAI PENINSULA,,MOOSE PASS,1,ESTES BROS. INC.,P,,N,RE,X,U,H,1979,,314,7.3,7.3,6,7.3,,3.6,0,3.6,,,S,Y,5/28/1980,3,Y,AKDNR,,0,,0,0,0,0,,,,,,,,,AK,AK,23-JUL-18,,Don Young (R),R,AK00,,0,Y,Y,Y,Y,20-SEP-03
49,MOOSE CREEK DAM,CHENA  LAKE,,,AK00085,-147.1798528,64.79245556,,FAIRBANKS NORTH STAR,CHENA RIVER,FAIRBANKS,17,CEPOA,F,,N,CNRE,E,,CR,1979,,40200,40,60,43,60,160000,224000,1,224000,1,1496,H,Y,6/18/2015,5,N,,U,2000,VERTICAL LIFT,0,0,0,0,CE,CE,CE,CE,CE,CE,CE,CE,CE,AK,30-SEP-18,,Don Young (R),R,AK00,,1,N,N,N,N,13-APR-18
50,MOOSE CREEK DAM - EAST CUTOFF DIKE,,,,AK00085,-147.1670111,64.73351389,,FAIRBANKS NORTH STAR,CHENA RIVER,FAIRBANKS,17,CEPOA,F,CEPOA,N,RE,EIK,S,C,1979,,40200,40,60,43,60,160000,224000,1,224000,1,1496,H,Y,6/25/2015,5,N,,N,2000,VERTICAL LIFT,0,0,0,0,CE,CE,CE,CE,CE,CE,CE,CE,CE,AK,30-SEP-18,,Don Young (R),R,AK00,S001,0,N,N,N,N,13-APR-18
51,CHINIAK SATELLITE TRACKING STA. DAM,,,,AK00086,-152.1783,57.5967,S09 T030S R018W SEWARD MERIDIAN,KODIAK ISLAND,,,0,LEISNOI CORPORATION,P,,N,RE,X,U,S,1954,,61,,10,10,10,150,65,65,65,,,L,NR,5/28/2013,5,Y,AKDNR,,0,,0,0,0,0,,,,,,,,,AK,AK,23-JUL-18,,Don Young (R),R,AK00,,0,Y,Y,Y,Y,
52,ALITAK CANNERY DAM #3,CWF ALITAK DAM,,,AK00090,-154.24,56.9,S12 T038S R032W SEWARD MERIDIAN,KODIAK ISLAND,,ALITAK CANNERY,0,"OCEAN BEAUTY SEAFOODS, INC.",P,SHANNON & WILSON,N,ER,X,U,S,1964,,291,,8,8,8,350,51,51,51,,,L,NR,8/27/2010,0,N,,,0,,0,0,0,0,,,,,,,,,AK,AK,23-JUL-18,,Don Young (R),R,AK00,,0,Y,Y,Y,N,
53,ALITAK CANNERY DAM #2,CWF ALITAK DAM,,,AK00091,-154.24,56.9,S12 T038S R032W SEWARD MERIDIAN,KODIAK ISLAND,,ALITAK CANNERY,0,"OCEAN BEAUTY SEAFOODS, INC.",P,SHANNON & WILSON,N,RE,X,U,S,1964,,347,18,18,15,18,20,52,52,52,,0.35,L,NR,8/20/2015,5,Y,AKDNR,,0,,0,0,0,0,,,,,,,,,AK,AK,23-JUL-18,,Don Young (R),R,AK00,,0,Y,Y,Y,Y,
54,ALITAK CANNERY DAM #1,CWF ALITAK MAIN DAM,,,AK00092,-154.24,56.9,S12 T038S R032W SEWARD MERIDIAN,KODIAK ISLAND,,ALITAK CANNERY,1,"OCEAN BEAUTY SEAFOODS, INC.",P,SHANNON & WILSON,N,RE,X,U,S,1917,,332,9,9,8,9,12,62,0,62,10,32,H,N,8/20/2015,3,Y,AKDNR,,0,,0,0,0,0,,,,,,,,,AK,AK,23-JUL-18,,Don Young (R),R,AK00,,0,Y,Y,Y,Y,
55,LOWER EKLUTNA,,,,AK00093,-149.325,61.45,S29 T016N R001E SEWARD MERIDIAN,ANCHORAGE,EKLUTNA RIVER,,0,EKLUTNA INC.,P,,N,VA,X,U,H,1923,,95,,60,57,60,4600,16,15,16,,,S,N,,3,Y,AKDNR,U,0,,0,0,0,0,,,,,,,,,AK,AK,23-JUL-18,,Don Young (R),R,AK00,,0,Y,Y,Y,Y,
56,ALITAK CANNERY DAM #4,CWF ALITAK DAM,,,AK00095,-154.24,56.9,S12 T038S R032W SEWARD MERIDIAN,KODIAK ISLAND,,ALITAK CANNERY,0,"OCEAN BEAUTY SEAFOODS, INC.",P,SHANNON & WILSON,N,ER,X,U,S,1964,,380,,12,6,12,,51,51,51,,,L,NR,5/4/2006,0,N,,,0,,0,0,0,0,,,,,,,,,AK,AK,23-JUL-18,,Don Young (R),R,AK00,,0,Y,Y,Y,N,
57,STOVER DAM,DARK LAKE DAM,,,AK00098,-152.3689,57.814676,S28 T027S R019W SEWARD MERIDIAN,KODIAK ISLAND,,KODIAK,0.1,LOIS STOVER,P,,N,ERRE,X,U,F,1962,,96,11,11,7,11,68,110,80,110,7.8,0.2,L,NR,5/22/1986,5,N,,U,0,,0,0,0,0,,,,,,,,,AK,AK,23-JUL-18,,Don Young (R),R,AK00,,0,Y,Y,Y,N,
58,BRIDGE CREEK DAM,,,,AK00101,-151.5472,59.6793,S06 T006S R013W SEWARD MERIDIAN,KENAI PENINSULA,BRIDGE CREEK,HOMER,2,HOMER CITY OF,L,SHANNON & WILSON,N,RE,X,U,S,1975,,1200,65,65,52,65,150,943,550,943,36,3.2,H,Y,7/6/2016,3,Y,AKDNR,U,0,,0,0,0,0,,,,,,,,,AK,AK,23-JUL-18,,Don Young (R),R,AK00,,0,Y,Y,Y,Y,30-SEP-13
59,CHIGNIK,,,,AK00103,-158.4233,56.2867,,ALEUTIAN ISLANDS DIV,"INDIAN CREEK, CHIGNIK BAY",CHIGNIK,1,ALEUTIAN DRAGON FISHERIES,P,,Y,OT,FXZ,SZ,HPS,1947,,100,16.5,,,16.5,800,120,72,120,,2,L,NR,6/29/2016,3,N,,U,50,,0,0,0,0,,,,FERC,FERC,,,,FERC,AK,05-AUG-18,,Don Young (R),R,AK00,,1,N,N,N,N,12-FEB-12
60,NORTH LAKE WEST DAM,NORTH LAKE DAM,,,AK00106,-176.58898,51.96032,S07 T095S R194W SEWARD MERIDIAN,ALEUTIANS WEST,,ADAK NAVAL BASE,0,ALEUT CORPORATION,P,,N,ER,X,U,S,1945,,225,,10,8,10,20,56,46,56,,,S,N,11/9/2011,3,Y,AKDNR,U,1,,3667,0,0,0,,,,,,,,,AK,AK,23-JUL-18,,Don Young (R),R,AK00,,0,Y,Y,Y,Y,
61,NORTH LAKE EAST DAM,NORTH LAKE DAM,,,AK00107,-176.58473,51.96058,S08 T095S R194W SEWARD MERIDIAN,ALEUTIANS WEST,,ADAK NAVAL BASE,0,ALEUT CORPORATION,P,,N,ER,X,U,S,1970,,365,,14,14,14,,56,46,56,,,S,N,11/9/2011,3,Y,AKDNR,N,0,,4865,0,0,0,,,,,,,,,AK,AK,23-JUL-18,,Don Young (R),R,AK00,,0,Y,Y,Y,Y,
62,BONNIE ROSE LAKE DAM,BOMMU RESE LAKE,,,AK00108,-176.67633,51.82318,S33 T096S R195W SEWARD MERIDIAN,ALEUTIANS WEST,,ADAK NAVAL BASE,0,CITY OF ADAK,L,,N,CB,X,U,S,1943,,60,10,15,9,15,1000,2260,2146,2260,120,1.56,S,N,11/10/2011,3,Y,AKDNR,U,15,,28,0,0,0,,,,,,,,,AK,AK,23-JUL-18,,Don Young (R),R,AK00,,0,Y,Y,Y,Y,
63,LAKE LEONE DAM,LAKE LEONE,,,AK00109,-176.6418,51.84485,S23 T096S R195W SEWARD MERIDIAN,ALEUTIANS WEST,,ADAK NAVAL BASE,0,ALEUT CORPORATION,P,,N,CB,X,U,S,1945,,24,,9,8,9,400,1690,1545,1690,,,S,N,11/9/2011,3,Y,AKDNR,U,6,,5,0,0,0,,,,,,,,,AK,AK,23-JUL-18,,Don Young (R),R,AK00,,0,Y,Y,Y,Y,
64,ADAK LOG DAM,,,,AK00110,-176.59467,51.93747,S17 T095S R187W SEWARD MERIDIAN,ALEUTIANS WEST,,ADAK NAVAL BASE,0,ALEUT CORPORATION,P,,N,OT,X,U,S,1970,,60,,9,9,9,300,118,74,118,,,L,NR,9/30/1980,0,Y,AKDNR,C,3,,138,0,0,0,,,,,,,,,AK,AK,23-JUL-18,,Don Young (R),R,AK00,,0,Y,Y,Y,Y,
65,CANNERY CREEK DAM,,,,AK00119,-147.5116,61.018333,S28 T011N R011E SEWARD MERIDIAN,CHUGACH REAA,CANNERY CREEK,,0,ALASKA DEPT FISH & GAME,S,,Y,CNPG,X,U,OS,1979,,360,17,17,10,17,1100,2000,1400,2000,130,3.38,S,Y,8/31/2016,3,Y,AKDNR,C,26,S,0,0,0,0,,,,,,,,,AK,AK,23-JUL-18,,Don Young (R),R,AK00,,0,Y,Y,Y,Y,17-JAN-03
66,HYDABURG DAM,HYDABURG WATER SUPPLY,,,AK00120,-132.8,55.218334,S06 T077S R084E COPPER RIVER MERIDIAN,SE ISLAND REAA,HYDABURG RIVER,HYDABURG,2,HYDABURG CITY OF,L,,N,OT,X,U,S,1939,,85,,8,7,8,100,8,8,8,,,S,N,8/7/2015,3,Y,AKDNR,U,0,,0,0,0,0,,,,,,,,,AK,AK,23-JUL-18,,Don Young (R),R,AK00,,0,Y,Y,Y,Y,
67,NEW ENGLAND FISH CO DAM,NEW ENGLAND FISH CO DAM SAND POINT,,,AK00122,-160.5064,55.317,S20 T056S R073W SEWARD MERIDIAN,ALEUTIANS EAST,,SAND POINT,0,SHUMAGIN CORPORATION,P,NEW ENGLAND FISH CO.,N,RE,X,U,S,1940,,283,10,10,10,10,2000,105,70,105,8.5,,L,NR,,5,Y,AKDNR,U,0,,0,0,0,0,,,,,,,,,AK,AK,23-JUL-18,,Don Young (R),R,AK00,,0,Y,Y,Y,Y,
68,LAKE DEMARIE DAM,LAKE DEMARIE,,,AK00123,-176.6873,51.8449,S19 T096S R195W SEWARD MERIDIAN,ALEUTIANS WEST,,ADAK,0,CITY OF ADAK,L,,N,PG,X,U,S,1951,,95,,19,15,19,5000,2120,1611,2120,,,S,N,11/9/2011,3,Y,AKDNR,U,51,,96,0,0,0,,,,,,,,,AK,AK,23-JUL-18,,Don Young (R),R,AK00,,0,Y,Y,Y,Y,
69,GRANITE DIVERSION,,,,AK00142,-131.6167,55.355,"T75S,R90E,S17",KETCHIKAN GATEWAY,GRANITE CREEK,NONE,0,CITY OF KETCHIKAN,L,,N,PG,XCK,RK,HS,1957,,50,14,,,14,,450,456,456,1,2.3,L,Y,5/17/2017,3,N,,N,18,S3;,0,0,0,0,,,,FERC,FERC,,,,FERC,AK,05-AUG-18,,Don Young (R),R,AK00,,1,N,N,N,N,25-MAR-16
70,WARD COVE CANNERY DAM,CANNERY LAKE DAM,,,AK00178,-131.7166,55.400002,S03 T075S R090E COPPER RIVER MERIDIAN,KETCHIKAN GATEWAY,WALSH CREEK,KETCHIKAN,6,BOYER TOWING INC.,P,SHANNON & WILSON,Y,TC,X,U,S,1932,,114,25,27,23,27,210,46,46,46,6,0.54,L,NR,2/5/2018,5,Y,AKDNR,U,0,,0,0,0,0,,,,,,,,,AK,AK,23-JUL-18,,Don Young (R),R,AK00,,0,Y,Y,Y,Y,
71,LAKE LUCILE DAM,,,,AK00182,-149.4958,61.573334,S08 T017N R001W SEWARD MERIDIAN,MATANUSKA-SUSITNA,LUCILE CREEK,,0,CITY OF WASILLA,S,,N,OT,X,U,FR,1969,,60,6,6,5,6,45,2051,2051,2051,362,,S,N,5/17/2016,3,Y,AKDNR,U,23,,0,0,0,0,,,,,,,,,AK,AK,23-JUL-18,,Don Young (R),R,AK00,,0,Y,Y,Y,Y,
72,BLUFF LAKE DIVERSION,,,,AK00184,-131.4505,55.778057,S27 T070S R091E COPPER RIVER MERIDIAN,KETCHIKAN GATEWAY,NEETS CREEK,,0,SOUTH SE REGION AQUACULTURE ASSOC,P,,Y,ER,X,U,HS,1984,,59,10,10,10,10,1900,1450,1000,1450,154,7.1,L,NR,8/21/2015,5,Y,AKDNR,U,0,,0,0,0,0,,,,,,,,,AK,AK,23-JUL-18,,Don Young (R),R,AK00,,0,Y,Y,Y,Y,
73,MONASHKA CREEK DIKE,,MONASHKA CREEK DIKE 2,,AK00185,-152.463,57.838994,S14 T027S R020W SEWARD MERIDIAN,KODIAK ISLAND,MONASHKA CREEK,,0,KODIAK CITY OF,L,GOLDER ASSOCIATES,Y,ER,X,U,S,1982,2003S,664,45,,23,45,,3850,2960,3850,141.7,4.2,S,Y,5/24/2016,3,Y,AKDNR,N,0,,0,0,0,0,,,,,,,,,AK,AK,23-JUL-18,,Don Young (R),R,AK00,,0,Y,Y,Y,Y,05-MAY-08
74,LOWER FIRE LAKE DAM,,,,AK00189,-149.551,61.3505,S36 T015N R002W SEWARD MERIDIAN,ANCHORAGE,FIRE CREEK,EAGLE RIVER,0,ANCHORAGE MUNICIPALITY OF,L,,N,RE,HEK,SZ,FR,1960,2007H,460,13,13,11.5,13,273,550,400,550,63,3.4,H,Y,4/29/2016,3,Y,AKDNR,U,26,X,0,0,0,0,,,,,,,,,AK,AK,23-JUL-18,,Don Young (R),R,AK00,,0,Y,Y,Y,Y,12-OCT-07
75,RED DOG WATER SUPPLY DAM,,,,AK00200,-162.8778,68.0689,S19 T031N R018W KATEEL MERIDIAN,NORTHWEST ARCTIC,BONS CREEK,KIVALINA,0,TECK ALASKA INC,P,DAMES & MOORE,N,ER,IPK,RS,S,1989,,415,63,75,54,75,990,684,535,684,30,4.57,S,Y,6/9/2017,3,Y,AKDNR,U,0,,0,0,0,0,,,,,,,,,AK,AK,23-JUL-18,,Don Young (R),R,AK00,,0,Y,Y,Y,Y,13-APR-17
76,RED DOG TAILINGS MAIN DAM,RED DOG TAILINGS DAM,,,AK00201,-162.8624,68.0694,S19 T031N R018W KATEEL MERIDIAN,NORTHWEST ARCTIC,S.F. RED DOG CR,KIVALINA,,TECK ALASKA INC.,P,,N,ER,IPK,RS,T,1993,2016S,5700,208,208,203,208,,40030,36750,40030,629,2.6,S,Y,6/8/2017,3,Y,AKDNR,N,0,,0,0,0,0,,,,DOL MSHA;DOL MSHA,DOL MSHA;DOL MSHA,,,,AK,AK,23-JUL-18,,Don Young (R),R,AK00,,0,Y,Y,Y,Y,16-DEC-13
77,MAHOONA DAM,,,,AK00207,-152.4819,57.9232,S15 T026S R020W SEWARD MERIDIAN,KODIAK ISLAND,,OUZINKIE,0,CITY OF OUZINKIE,L,,N,OT,X,U,H,1986,1996,78,13,13,,13,420,400,305,400,42,0.84,L,NR,10/25/2016,5,Y,AKDNR,U,20,,0,0,0,0,,,,,,,,,AK,AK,23-JUL-18,,Don Young (R),R,AK00,,0,Y,Y,Y,Y,
78,FORT KNOX WATER DAM,,,,AK00211,-147.3361,64.9972,S16 T002N R002E FAIRBANKS MERIDIAN,FAIRBANKS NORTH STAR,FISH CREEK,CHATINEKA,30,FAIRBANKS GOLD MINING; INC.,P,KNIGHT PIESOLD,N,RE,IEK,RK,S,1995,,1228,67,70,64,70,8400,5350,3830,5350,165,26.3,L,Y,7/15/2014,5,Y,AKDNR,U,106,,1300000,0,0,0,,,,,,,,,AK,AK,23-JUL-18,,Don Young (R),R,AK00,,0,Y,Y,Y,Y,09-JAN-17
79,FORT KNOX TAILINGS DAM,,,,AK00212,-147.2976,65.0014,S14 T002N R002E FAIRBANKS MERIDIAN,FAIRBANKS NORTH STAR,FISH CREEK,CHATINEKA,30,"FAIRBANKS GOLD MINING, INC.",P,KNIGHT PIESOLD,N,ER,IEK,RK,ST,1996,2011S,4415,350,350,335,350,,136000,132200,136000,950,7.3,S,Y,7/22/2015,3,Y,AKDNR,N,0,,0,0,0,0,,,,,,,,,AK,AK,23-JUL-18,,Don Young (R),R,AK00,,0,Y,Y,Y,Y,09-JAN-17
80,NIXON FORK TAILINGS DAM,,,,AK00213,-154.778,63.238,S15 T026S R024E KATEEL MERIDIAN,IDITAROD REAA,RUBY CREEK-TR,MCGRATH,45,MYSTERY CREEK RESOURCES,P,GOLDER ASSOCIATES; INC.,Y,RE,FPK,SK,T,1995,1997O,510,64,64,47,64,,77,62,77,5.6,0.144,S,Y,8/21/2015,3,Y,AKDNR,N,0,,0,0,0,0,,,,,,,,,AK,AK,23-JUL-18,,Don Young (R),R,AK00,,0,Y,Y,Y,Y,20-SEP-16
81,CABIN CREEK DAM,,,,AK00214,-132.8283,56.7597,S16 T059S R080E COPPER RIVER MERIDIAN,,CABIN CREEK,PETERSBURG,0,PETERSBURG BOROUGH,L,SHANNON & WILSON,Y,ER,X,U,S,1996,,248,38,,29.5,38,3100,1270,660,1270,61,3.75,S,Y,9/22/2016,3,Y,AKDNR,U,43,S,0,0,0,0,,,,,,,,,AK,AK,23-JUL-18,,Don Young (R),R,AK00,,0,Y,Y,Y,Y,14-MAR-17
82,RED DOG MINE WATER DIVERSION DAM,,,,AK00260,-162.8778,68.0689,S19 T031N R018W KATEEL MERIDIAN,NORTHWEST ARCTIC,RED DOG CREEK,KIVALINA,0,TECK ALASKA INC.,P,COMINCO ALASKA,N,ER,IPK,RK,C,1991,1992,350,25,34,20,34,75,58,0,58,5,0.34,L,Y,6/8/2017,5,Y,AKDNR,U,100,N,26000,0,0,0,,,,,,,,,AK,AK,23-JUL-18,,Don Young (R),R,AK00,,0,Y,Y,Y,Y,27-MAY-05
83,BELUGA LAKE DAM,,,,AK00262,-151.5184,59.640682,S20 T006S R013W SEWARD MERIDIAN,KENAI PENINSULA,BELUGA LAKE,HOMER,0,ALASKA D.O.T./P.F.,S,,N,RE,X,U,FR,,1967S,1500,13,,,13,,,550,550,185,,S,Y,8/20/2013,3,Y,AKDNR,U,4,,0,0,0,0,,,,,,,,,AK,AK,23-JUL-18,,Don Young (R),R,AK00,,0,Y,Y,Y,Y,21-JUL-14
84,AKUTAN HYDRO DAM,TOWN CREEK HYDROELECTRIC DAM (OWNER PREFERRED NAME),,,AK00264,-165.772,54.143594,S02 T070S R112W SEWARD MERIDIAN,ALEUTIANS EAST,,AKUTAN,0.6,AKUTAN CITY OF,L,ALASKA POWER SYSTEMS,N,RE,IPK,U,H,1993,,200,21,,,21,,20,0,20,1.4,,S,Y,6/20/2018,3,Y,AKDNR,U,3,,0,0,0,0,,,,,,,,,AK,AK,23-JUL-18,,Don Young (R),R,AK00,,0,Y,Y,Y,Y,14-DEC-16
85,ICY CREEK RESERVOIR DAM,,,,AK00265,-166.5571,53.8405,S22 T073S R118W SEWARD MERIDIAN,ALEUTIANS WEST,ICY CREEK,CAPTAINS BAY,1.2,UNALASKA CITY OF,L,W.C.B.,N,OT,X,R,S,1993,1994,240,24,,,24,,30,0,30,,,S,Y,8/10/2017,3,Y,AKDNR,U,0,,0,0,0,0,,,,,,,,,AK,AK,23-JUL-18,,Don Young (R),R,AK00,,0,Y,Y,Y,Y,25-OCT-17
86,ICY LAKE DAM,,,,AK00266,-166.5489,53.8103,S34 T073S R118W SEWARD MERIDIAN,ALEUTIANS WEST,ICY CREEK,CAPTAINS BAY,3.5,UNALASKA CITY OF,L,GOLDER ASSOCIATES; INC.,N,OT,IMK,RK,S,1995,,49,7,,,7,,238,0,238,19.4,,L,NR,,0,N,,U,0,,0,0,0,0,,,,,,,,,AK,AK,23-JUL-18,,Don Young (R),R,AK00,,0,Y,Y,Y,N,
87,HUMBOLDT CREEK RESERVOIR DAM,,,,AK00268,-160.48349,55.342371,S09 T056S R073W SEWARD MERIDIAN,ALEUTIANS EAST,HUMBOLDT CREEK,SAND POINT,0.5,SAND POINT; CITY OF,L,,N,RE,X,U,S,,,395,19.1,,,19.1,,55,50,55,11,,S,N,,3,Y,AKDNR,U,0,,0,0,0,0,,,,,,,,,AK,AK,23-JUL-18,,Don Young (R),R,AK00,,0,Y,Y,Y,Y,
88,TWO BULL RIDGE POND T5 DAM,,,,AK00301,-148.9479,63.9112,S33 T011S R007W FAIRBANKS MERIDIAN,DENALI,BADLANDS CREEK,HEALY,0,USIBELLI COAL MINING INC.,P,,N,RE,HX,S,O,2000,,,49.2,,16,49.2,135.6,20.9,5.8,20.9,2,0.26,L,NR,10/5/2015,5,Y,AKDNR,U,16,,0,0,0,0,,,,,,,,,AK,AK,23-JUL-18,,Don Young (R),R,AK00,,0,Y,Y,Y,Y,
89,RED DOG TAILINGS BACK DAM,,,,AK00303,-162.8752,68.0463,S31 T031N R018W KATEEL MERIDIAN,NORTHWEST ARCTIC,BONS CREEK,KIVALINA,60,TECK ALASKA INC.,P,,N,RE,H,SK,OT,2010,2013,4950,66,,,66,,24757,0,24757,678,3.31,S,Y,6/9/2017,3,Y,AKDNR,N,0,X,0,0,0,0,,,,,,,,,AK,AK,23-JUL-18,,Don Young (R),R,AK00,,0,Y,Y,Y,Y,16-JAN-14
90,POGO R.T.P. DAM,,,,AK00304,-144.892,64.4516,S23 T005S R014E FAIRBANKS MERIDIAN,,LIESE CREEK,,0,TECK-POGO INC.,P,A.M.E.C.,N,ER,FPK,RK,CST,2005,,550,91,91,69,91,303,133.2,14.3,133.2,5,0.19,H,Y,6/14/2016,3,Y,AKDNR,U,8,X,133700,0,0,0,,,,,,,,,AK,AK,23-JUL-18,,Don Young (R),R,AK00,,0,Y,Y,Y,Y,21-NOV-17
91,NEW KAKE DAM,LONNIE ANDERSON DAM,,,AK00305,-133.9312,56.9817,S35 T056S R072E COPPER RIVER MERIDIAN,,GUNNUK CREEK,KAKE,0.3,CITY OF KAKE,L,US CORPS OF ENGINEERS,N,CNPG,HCK,RK,S,2007,,112,35,38,33,38,8800,60,12.6,60,2.1,14.8,H,Y,6/27/2012,3,Y,AKDNR,U,44,S,0,0,0,0,,,,,,,,,AK,AK,23-JUL-18,,Don Young (R),R,AK00,,0,Y,Y,Y,Y,27-JUL-07
92,CHUNIIXSAX HYDRO DAM,,,,AK00306,-174.197147,52.190142,S22 T092S R176W SEWARD MERIDIAN,ALEUTIANS WEST,CHUNIIXSAX CREEK,ATKA,0,CITY OF ATKA,L,,N,OT,FXK,RK,H,,,,,,,0,,,0,0,,,S,Y,7/27/2016,3,Y,AKDNR,,0,,0,0,0,0,,,,,,,,,AK,AK,23-JUL-18,,Don Young (R),R,AK00,,0,Y,Y,Y,Y,25-MAR-13
93,POND 7 DAM,,,,AK00307,-134.7505,58.115,S26 T043S R065E COPPER RIVER MERIDIAN,,,,0,HECLA GREENS CREEK MINING COMPANY,P,KLOHN CRIPPEN,Y,ERRE,FPK,RSK,C,2005,,780,30,30,26,30,70.4,32.9,30.6,32.9,2.94,0.223,L,NR,7/12/2017,5,Y,AKDNR,U,19,X,15423,0,0,0,,,,,,,,,AK,AK,23-JUL-18,,Don Young (R),R,AK00,,0,Y,Y,Y,Y,
94,LOWER SLATE LAKE TAILINGS DAM,,,,AK00308,-135.0386,58.8081,S26 T035S R062E COPPER RIVER MERIDIAN,JUNEAU,LOWER SLATE CREEK,,0,COEUR ALASKA INC.,P,KNIGHT PIESOLD ENGINEERS,Y,ER,FPK,RK,T,2010,2012S,480,63,63,57,63,1020,2800,2300,2800,53,1.05,S,Y,6/13/2017,3,Y,AKDNR,U,20,X,0,0,0,0,,,,,,,,,AK,AK,23-JUL-18,,Don Young (R),R,AK00,,0,Y,Y,Y,Y,30-JAN-15
95,KWETHLUK WASTEWATER LAGOON DAM,,,,AK00312,-161.4401,60.7954,S05 T008N R069W SEWARD MERIDIAN,LOWER KUSKOKWIM REAA,KWETHLUK RIVER,KWETHLUK,0.2,CITY OF KWETHLUK,L,ANTHC,N,RE,HEK,SK,O,,,2940,13,13,11,13,,109,98,109,10,10,S,Y,8/31/2013,3,Y,AKDNR,U,3,X,50000,0,0,0,,,,,,,,,AK,AK,23-JUL-18,,Don Young (R),R,AK00,,0,Y,Y,Y,Y,15-JAN-13
96,A F K HATCHERY DAM,ARMIN F. KOERNIG DAM,AQUACULTURE DAM & DIKE / SAN JUAN CANNERY DAM,,AK00313,-148.0766602,60.0483322,S33 T001S R008E SEWARD MERIDIAN,CHUGACH REAA,LARSEN CREEK,SAN JUAN CANNERY,1,CHENEGA CORPORATION,P,,N,CN,IMK,RSK,S,1977,2012,662,32,23,23,32,1282,533,446,533,30,0.66,L,NR,2/24/2014,5,Y,AKDNR,U,20,S,0,0,0,0,,,,,,,,,AK,AK,23-JUL-18,,Don Young (R),R,AK00,,0,Y,Y,Y,Y,
97,NORTH FORK LAKE DAM,,,,AK00314,-132.916486,55.463936,S11 T074S R082E COPPER RIVER MERIDIAN,SOUTHEAST ISLAND REAA,NORTH FORK CREEK,CRAIG,0,CITY OF CRAIG,L,,N,CN,X,U,S,,,120,12.3,,,12.3,,1136,0,1136,128,,S,Y,,0,Y,AKDNR,,0,,0,0,0,0,,,,,,,,,AK,AK,23-JUL-18,,Don Young (R),R,AK00,,0,Y,Y,Y,Y,04-MAY-16
98,POND 10 DAM,,,,AK00316,,,S T R MERIDIAN,,,JUNEAU,0,HECLA GREENS CREEK MINING COMPANY,P,KLOHN CRIPPEN BERGER,N,RE,FPK,RSK,CO,,,,,,,0,,,0,0,,,S,N,,5,Y,AKDNR,,0,,0,0,0,0,,,,,,,,,AK,AK,23-JUL-18,,,,,,0,Y,Y,Y,Y,
99,SAND PIT DAM,,,,AK00317,-134.75362,58.14424,S26 T043S R065E COPPER RIVER MERIDIAN,SOUTHEAST ISLAND REAA,,,0,HECLA GREENS CREEK MINING COMPANY,P,KLOHN CRIPPEN BERGER,Y,RE,H,U,D,2016,,,33,,,33,,77.7,0,77.7,4,,L,NR,6/20/2018,5,Y,AKDNR,U,0,,0,0,0,0,,,,,,,,,AK,AK,23-JUL-18,,Don Young (R),R,AK00,,0,Y,Y,Y,Y,
100,C. P. P. DAM,,,,AK00401,-149.172,61.5915,S06 T017N R002E SEWARD MERIDIAN,MATANUSKA-SUSITNA,,PALMER,0,CENTRAL PAVING PRODUCTS,P,,N,RE,X,U,O,,2012H,420,7.3,,6.6,7.3,,197,178,197,27,,L,NR,,0,Y,AKDNR,U,90,X,0,0,0,0,,,,,,,,,AK,AK,23-JUL-18,,Don Young (R),R,AK00,,0,Y,Y,Y,Y,
101,CREMO LAKE DAM,BASHER DAM,,,AK00402,-149.6949,61.1528,S06 T012N R002W SEWARD MERIDIAN,ANCHORAGE,STUCKAGAIN CREEK,ANCHORAGE,0,GHISLANE CREMO,P,ROGER CREMO,N,RE,I,U,FPR,,,102,6,6,4,6,95,20,0,20,4.3,1.8,S,N,6/2/2010,3,Y,AKDNR,U,3,,0,0,0,0,,,,,,,,,AK,AK,23-JUL-18,,Don Young (R),R,AK00,,0,Y,Y,Y,Y,
102,LOT D9 DAM,,ALAMO DAM,,AK00403,,,S15 T016N R003E SEWARD MERIDIAN,MATANUSKA-SUSITNA BOROUGH,UNNAMED,BUTTE,0,DENNIS AND SHERRY LOWREY,P,,N,RE,X,U,RS,,,102,26,26,,26,,,0,0,,,S,N,,3,Y,AKDNR,U,0,,0,0,0,0,,,,,,,,,AK,AK,23-JUL-18,,,,,,0,Y,Y,Y,Y,
103,CASWELL LAKES ROAD EMBANKMENT,,,,AK00404,-149.956667,62.0005556,S T R MERIDIAN,MATANUSKA-SUSITNA,CASWELL CREEK,WILLOW,18,MATANUSKA-SUSITNA BOROUGH,L,,N,RE,HE,S,R,,,325,13.6,,5,13.6,230,123,123,123,21.5,8.8,S,Y,,0,Y,AKDNR,N,0,U,0,0,0,0,,,,,,,,,AK,AK,23-JUL-18,,Don Young (R),R,AK00,,0,Y,Y,Y,Y,13-JUL-18
104,EXPLORER GLACIER POND DAM,,,,AK82401,-148.9214927,60.80094221,,ANCHORAGE,EXPLORER CREEK,PORTAGE,0,USDA FS,F,,N,ER,HK,SZ,F,1989,,1050,7,,7,7,,125,125,125,,,L,NR,8/10/2011,10,N,,U,0,,9000,0,0,0,USDA FS,USDA FS,USDA FS,USDA FS,USDA FS,USDA FS,USDA FS,,USDA FS,AK,18-JUL-18,,Don Young (R),R,AK00,,0,N,N,N,N,
105,SHOTGUN CREEK DIV,,,,AK83009,-152.9167,57.6167,"T29S,R23W,S23,SM",KODIAK ISLAND,KIZHUYAK RIVER,NONE,0,"KODIAK ELECTRIC ASSOCIATION, INC.",U,INTERNATIONAL ENGINEERING CO.,N,ER,FCZ,RZ,H,1984,,275,40,40,40,40,1440,285,285,285,50,2,L,NR,7/25/2017,3,N,,U,100,,21000,0,0,0,,,,FERC,FERC,,,,FERC,AK,05-AUG-18,,Don Young (R),R,AK00,,1,N,N,N,N,
106,SWAN LAKE,,,,AK83013,-131.3446083,55.6147139,"T72S,R91E,S21,CRM",KETCHIKAN GATEWAY,"FALLS CREEK, CARROLL INLET",N/A,0,SOUTH EAST ALASKA POWER AGENCY,U,R. W. BECK & ASSOCIATES,N,VA,HCK,RK,H,1984,,480,174,174,130,174,27900,144763,144763,144763,1567,36.5,H,Y,5/23/2018,1,N,,C,100,O1;,0,0,0,0,,,,FERC,FERC,,,,FERC,AK,05-AUG-18,,Don Young (R),R,AK00,,1,N,N,N,N,06-JUN-18
107,BART LAKE DAM,,,,AK84001,-134.025625,58.2271833,,JUNEAU,DOROTHY CREEK,,0,,X,,N,ER,FCK,RSK,H,2009,,172,31,,,31,,,2000,2000,250,2.4,L,NR,6/21/2017,3,N,,U,80,,0,0,0,0,,,,FERC,FERC,,,,FERC,AK,05-AUG-18,,Don Young (R),R,AK00,,1,N,N,N,N,25-SEP-17